index,status,bytes,file,url,error
"1","downloaded","3902954","001_Santillan_1.jpg","https://freight.cargo.site/t/original/i/L2666098984706343401554480411331/Santillan_1.jpg",""
"2","downloaded","226575","002_2016_Luccello.jpg","https://freight.cargo.site/t/original/i/X2679365385941296012751710663363/2016_Luccello.jpg",""
"3","downloaded","252272","003_MaxFett_4.jpg","https://freight.cargo.site/t/original/i/N2679362792458206457704720315075/MaxFett_4.jpg",""
"4","downloaded","3824022","004_Santillan_2.jpg","https://freight.cargo.site/t/original/i/E2666098984632556425259642204867/Santillan_2.jpg",""
"5","downloaded","77323","005_Santillan_3.jpg","https://freight.cargo.site/t/original/i/R2666098984687896657480770859715/Santillan_3.jpg",""
"6","downloaded","154904","006_Gonzalez-g_1.jpg","https://freight.cargo.site/t/original/i/W2666098984614109681185932653251/Gonzalez-g_1.jpg",""
"7","downloaded","65814","007_gonzalez-g_2.png","https://freight.cargo.site/t/original/i/Q2666105329021245696185729495747/gonzalez-g_2.png",""
"8","downloaded","4544941","008_miquel_1.png","https://freight.cargo.site/t/original/i/Q2666098984595662937112223101635/miquel_1.png",""
"9","downloaded","4227457","009_Captura-de-pantalla-2025-10-01-a-las-18.22.21.png","https://freight.cargo.site/t/original/i/L2578592035202173407474317996739/Captura-de-pantalla-2025-10-01-a-las-18.22.21.png",""
"10","downloaded","1254841","010_gutierrez-fernanda-1.jpg","https://freight.cargo.site/t/original/i/X2831921117369892999512004702915/gutierrez-fernanda-1.jpg",""
"11","downloaded","2663370","011_santa-maria_1.jpg","https://freight.cargo.site/t/original/i/Z2666098984577216193038513550019/santa-maria_1.jpg",""
"12","downloaded","5769693","012_Pinto_1.jpg","https://freight.cargo.site/t/original/i/Q2666098984669449913407061308099/Pinto_1.jpg",""
"13","downloaded","2839731","013_ilmato_1.jpg","https://freight.cargo.site/t/original/i/G2666098984651003169333351756483/ilmato_1.jpg",""
"14","downloaded","1134118","014_Pinochet-Carolina-Captura-de-pantalla-2026-03-10-a-las-19.38.36.png","https://freight.cargo.site/t/original/i/T2834736126505138764895941505731/Pinochet-Carolina-Captura-de-pantalla-2026-03-10-a-las-19.38.36.png",""
"15","downloaded","4738124","015_Valdes-Macarena-Captura-de-pantalla-2026-03-11-a-las-10.00.33.png","https://freight.cargo.site/t/original/i/D2834736126523585508969651057347/Valdes-Macarena-Captura-de-pantalla-2026-03-11-a-las-10.00.33.png",""
"16","downloaded","2650891","016_Valdes-Macarena-Captura-de-pantalla-2026-03-11-a-las-10.02.56.png","https://freight.cargo.site/t/original/i/I2834736126542032253043360608963/Valdes-Macarena-Captura-de-pantalla-2026-03-11-a-las-10.02.56.png",""
"17","downloaded","3060061","017_Gnecco-Franco-Captura-de-pantalla-2026-03-11-a-las-10.17.16.png","https://freight.cargo.site/t/original/i/K2834736126431351788601103299267/Gnecco-Franco-Captura-de-pantalla-2026-03-11-a-las-10.17.16.png",""
"18","downloaded","1336437","018_Gnecco-Franco-Captura-de-pantalla-2026-03-11-a-las-10.23.25.png","https://freight.cargo.site/t/original/i/U2834736126486692020822231954115/Gnecco-Franco-Captura-de-pantalla-2026-03-11-a-las-10.23.25.png",""
"19","downloaded","1257352","019_Fuenzalida-Catalina-Captura-de-pantalla-2026-03-11-a-las-10.23.05.png","https://freight.cargo.site/t/original/i/P2834736126468245276748522402499/Fuenzalida-Catalina-Captura-de-pantalla-2026-03-11-a-las-10.23.05.png",""
"20","downloaded","3161042","020_Araos-Damina-Captura-de-pantalla-2026-03-11-a-las-10.20.21.png","https://freight.cargo.site/t/original/i/C2834736126449798532674812850883/Araos-Damina-Captura-de-pantalla-2026-03-11-a-las-10.20.21.png",""
"21","downloaded","161292","021_Banner-web-_-Lanzamiento-de-libro-CDUR-scaled.jpg","https://freight.cargo.site/t/original/i/L2834737330487230967770956378819/Banner-web-_-Lanzamiento-de-libro-CDUR-scaled.jpg",""
"22","downloaded","154439","022_153819.jpg","https://freight.cargo.site/t/original/i/L2834737090993152658799847748291/153819.jpg",""
"23","downloaded","126445","023_Gonzalez-Yazmin.jpeg","https://freight.cargo.site/t/original/i/A2834736126412905044527393747651/Gonzalez-Yazmin.jpeg",""
"24","downloaded","232143","024_fuentes-PAtricio-IMG_5086-scaled.jpeg","https://freight.cargo.site/t/original/i/S2834736126394458300453684196035/fuentes-PAtricio-IMG_5086-scaled.jpeg",""
"25","downloaded","1552926","025_A3-Amenabar-Alejandra-Captura-de-pantalla-2026-03-11-a-las-11.34.26.png","https://freight.cargo.site/t/original/i/K2834742337136486757354070028995/A3-Amenabar-Alejandra-Captura-de-pantalla-2026-03-11-a-las-11.34.26.png",""
"26","downloaded","203632","026_pina-antonia-MV5BNTZjYTczNmQtZjJlZS00NmJiLWFiMTctYzMxMThhZDRhNzdjXkEyXkFqcGc._V1_FMjpg_UX1000_.jpeg","https://freight.cargo.site/t/original/i/Q2834736126376011556379974644419/pina-antonia-MV5BNTZjYTczNmQtZjJlZS00NmJiLWFiMTctYzMxMThhZDRhNzdjXkEyXkFqcGc._V1_FMjpg_UX1000_.jpeg",""
"27","downloaded","4387501","027_Julie-Carles-Captura-de-pantalla-2026-03-11-a-las-11.14.07.png","https://freight.cargo.site/t/original/i/W2834736126339118068232555541187/Julie-Carles-Captura-de-pantalla-2026-03-11-a-las-11.14.07.png",""
"28","downloaded","4634646","028_Carmona-Vicente-Captura-de-pantalla-2026-03-11-a-las-11.19.36.png","https://freight.cargo.site/t/original/i/V2834736126357564812306265092803/Carmona-Vicente-Captura-de-pantalla-2026-03-11-a-las-11.19.36.png",""
"29","downloaded","545706","029_Captura-de-pantalla-2026-03-11-a-las-13.16.23.png","https://freight.cargo.site/t/original/i/P2834855301990374870633509499587/Captura-de-pantalla-2026-03-11-a-las-13.16.23.png",""
"30","downloaded","1469472","030_hackathon.png","https://freight.cargo.site/t/original/i/Y2834854149308677936744757670595/hackathon.png",""
"31","downloaded","21009357","031_vasquez-Vanessa-7a2b2e29-3d63-4564-9627-504ab6a59e1b.png","https://freight.cargo.site/t/original/i/K2834851674641066960460989280963/vasquez-Vanessa-7a2b2e29-3d63-4564-9627-504ab6a59e1b.png",""
"32","downloaded","690130","032_Rey-Valentin-aportada-chiloe2.jpg","https://freight.cargo.site/t/original/i/J2834851674659513704534698832579/Rey-Valentin-aportada-chiloe2.jpg",""
"33","downloaded","1963531","033_Rey-Valentina.png","https://freight.cargo.site/t/original/i/H2834851674677960448608408384195/Rey-Valentina.png",""
"34","downloaded","2931421","034_Santibanez-Tamara.png","https://freight.cargo.site/t/original/i/P2834851674696407192682117935811/Santibanez-Tamara.png",""
"35","downloaded","1327032","035_Daza-Sofia.png","https://freight.cargo.site/t/original/i/W2834851674714853936755827487427/Daza-Sofia.png",""
"36","downloaded","592073","036_Espildora-Rafella.png","https://freight.cargo.site/t/original/i/M2834851674604173472313570177731/Espildora-Rafella.png",""
"37","downloaded","177989","037_PADILLA-PAULINA-1f75b2_fd084dd76c2b4662b346409b24ab3b7b.jpg","https://freight.cargo.site/t/original/i/R2834851279235107740496750392003/PADILLA-PAULINA-1f75b2_fd084dd76c2b4662b346409b24ab3b7b.jpg",""
"38","downloaded","1916345","038_feres-aranda-5_77c650d6-239f-407d-a6a8-8d316462fe81.jpeg","https://freight.cargo.site/t/original/i/U2835041680329330561722121401027/feres-aranda-5_77c650d6-239f-407d-a6a8-8d316462fe81.jpeg",""
"39","downloaded","4993220","039_Gianfranco-Music-Wachtendorff-2-ca55e895-7d6a-44c6-a77d-78b5454f0fa0_rw_1920.png","https://freight.cargo.site/t/original/i/A2835041680366224049869540504259/Gianfranco-Music-Wachtendorff-2-ca55e895-7d6a-44c6-a77d-78b5454f0fa0_rw_1920.png",""
"40","downloaded","1717775","040_albornoz-soledad-d0121ec3-e775-49e9-978e-8d1430062baa_rw_1920.jpeg","https://freight.cargo.site/t/original/i/M2836337163916842722668132643523/albornoz-soledad-d0121ec3-e775-49e9-978e-8d1430062baa_rw_1920.jpeg",""
"41","downloaded","377121","041_albornoz-soledad-2-d0121ec3-e775-49e9-978e-8d1430062baa_rw_1920.jpeg","https://freight.cargo.site/t/original/i/R2836337163898395978594423091907/albornoz-soledad-2-d0121ec3-e775-49e9-978e-8d1430062baa_rw_1920.jpeg",""
"42","downloaded","3016025","042_Lafuente-Captura-de-pantalla-2026-03-12-a-las-10.27.11.png","https://freight.cargo.site/t/original/i/Z2836337163879949234520713540291/Lafuente-Captura-de-pantalla-2026-03-12-a-las-10.27.11.png",""
"43","downloaded","3240233","043_arrebolCaptura-de-pantalla-2026-03-12-a-las-10.30.04.png","https://freight.cargo.site/t/original/i/H2836334657391704731087968613059/arrebolCaptura-de-pantalla-2026-03-12-a-las-10.30.04.png",""
"44","downloaded","6699850","044_Alarcon-MariaInes-1Captura-de-pantalla-2026-03-12-a-las-10.53.27.png","https://freight.cargo.site/t/original/i/L2836334657410151475161678164675/Alarcon-MariaInes-1Captura-de-pantalla-2026-03-12-a-las-10.53.27.png",""
"45","downloaded","1838873","045_Alarcon-MariaInes-2Captura-de-pantalla-2026-03-12-a-las-10.56.05.png","https://freight.cargo.site/t/original/i/P2836334657428598219235387716291/Alarcon-MariaInes-2Captura-de-pantalla-2026-03-12-a-las-10.56.05.png",""
"46","downloaded","1216501","046_Quesneyb9f9ce_c2d979ca09e44dfd8158696da129e7e2_mv2.jpg.jpg","https://freight.cargo.site/t/original/i/O2836334657373257987014259061443/Quesneyb9f9ce_c2d979ca09e44dfd8158696da129e7e2_mv2.jpg.jpg",""
"47","downloaded","6709569","047_Josefina-Stuckrath-1Captura-de-pantalla-2026-03-12-a-las-11.05.59.png","https://freight.cargo.site/t/original/i/O2836334657336364498866839958211/Josefina-Stuckrath-1Captura-de-pantalla-2026-03-12-a-las-11.05.59.png",""
"48","downloaded","2288885","048_Josefina-Stuckrath-2Captura-de-pantalla-2026-03-12-a-las-11.07.34.png","https://freight.cargo.site/t/original/i/Z2836334657354811242940549509827/Josefina-Stuckrath-2Captura-de-pantalla-2026-03-12-a-las-11.07.34.png",""
"49","downloaded","1308249","049_Gonzalez-Josefa-Captura-de-pantalla-2026-03-12-a-las-11.13.55.png","https://freight.cargo.site/t/original/i/X2836334657317917754793130406595/Gonzalez-Josefa-Captura-de-pantalla-2026-03-12-a-las-11.13.55.png",""
"50","downloaded","4031048","050_Florencia-Rodriguez-ErrazurizCaptura-de-pantalla-2026-03-12-a-las-11.15.31.png","https://freight.cargo.site/t/original/i/B2836334657299471010719420854979/Florencia-Rodriguez-ErrazurizCaptura-de-pantalla-2026-03-12-a-las-11.15.31.png",""
"51","downloaded","1296526","051_Plass-colombaCaptura-de-pantalla-2026-03-12-a-las-11.21.45.png","https://freight.cargo.site/t/original/i/Y2836334657281024266645711303363/Plass-colombaCaptura-de-pantalla-2026-03-12-a-las-11.21.45.png",""
"52","downloaded","5127439","052_Chiara-Antillosilla-mudra-madera-escultural2.jpg","https://freight.cargo.site/t/original/i/X2836334657244130778498292200131/Chiara-Antillosilla-mudra-madera-escultural2.jpg",""
"53","downloaded","5328136","053_Chiara-Antillosilla-2.jpg","https://freight.cargo.site/t/original/i/L2836334657262577522572001751747/Chiara-Antillosilla-2.jpg",""
"54","downloaded","1447253","054_Captura-de-pantalla-2026-03-12-a-las-11.32.10.png","https://freight.cargo.site/t/original/i/J2836334753314773914377637016259/Captura-de-pantalla-2026-03-12-a-las-11.32.10.png",""
"55","downloaded","384504","055_Gianfranco-Music-Wachtendorff-7485022f-8fb6-4b6e-888d-2462ee018664_rw_1200.jpeg","https://freight.cargo.site/t/original/i/C2835041680347777305795830952643/Gianfranco-Music-Wachtendorff-7485022f-8fb6-4b6e-888d-2462ee018664_rw_1200.jpeg",""
"56","downloaded","3625352","056_Gianfranco-Music-3-Wachtendorff-2-ca55e895-7d6a-44c6-a77d-78b5454f0fa0_rw_1920.jpeg","https://freight.cargo.site/t/original/i/G2835041680384670793943250055875/Gianfranco-Music-3-Wachtendorff-2-ca55e895-7d6a-44c6-a77d-78b5454f0fa0_rw_1920.jpeg",""
"57","downloaded","1479217","057_Captura-de-pantalla-2026-03-11-a-las-15.39.07.png","https://freight.cargo.site/t/original/i/A2835041680310883817648411849411/Captura-de-pantalla-2026-03-11-a-las-15.39.07.png",""
"58","downloaded","5621896","058_Captura-de-pantalla-2026-03-11-a-las-16.08.04.png","https://freight.cargo.site/t/original/i/G2835044931199038671556402688707/Captura-de-pantalla-2026-03-11-a-las-16.08.04.png",""
"59","downloaded","591461","059_Captura-de-pantalla-2026-03-11-a-las-15.42.59.png","https://freight.cargo.site/t/original/i/X2835041680476904514311797813955/Captura-de-pantalla-2026-03-11-a-las-15.42.59.png",""
"60","downloaded","1262636","060_43fef9_efcf8eedf8d33bba27b941bb467583a7.jpg.jpg","https://freight.cargo.site/t/original/i/F2835044255826844644902298923715/43fef9_efcf8eedf8d33bba27b941bb467583a7.jpg.jpg",""
"61","downloaded","3489977","061_Captura-de-pantalla-2026-03-11-a-las-15.47.30.png","https://freight.cargo.site/t/original/i/Q2835041680458457770238088262339/Captura-de-pantalla-2026-03-11-a-las-15.47.30.png",""
"62","downloaded","173523","062_Captura-de-pantalla-2026-03-11-a-las-15.48.30.png","https://freight.cargo.site/t/original/i/F2835041680440011026164378710723/Captura-de-pantalla-2026-03-11-a-las-15.48.30.png",""
"63","downloaded","4189526","063_Captura-de-pantalla-2026-03-11-a-las-15.53.10.png","https://freight.cargo.site/t/original/i/Y2835041680421564282090669159107/Captura-de-pantalla-2026-03-11-a-las-15.53.10.png",""
"64","downloaded","5437432","064_Captura-de-pantalla-2026-03-11-a-las-16.03.13.png","https://freight.cargo.site/t/original/i/R2835041680403117538016959607491/Captura-de-pantalla-2026-03-11-a-las-16.03.13.png",""
"65","downloaded","980896","065_Saavedra-Pilar-Captura-de-pantalla-2026-03-11-a-las-13.10.59.png","https://freight.cargo.site/t/original/i/N2834851674622620216387279729347/Saavedra-Pilar-Captura-de-pantalla-2026-03-11-a-las-13.10.59.png",""
"66","downloaded","10976818","066_Aguirre-Elisa-3c82918c-ebd6-4a47-892e-220fb1ee7cba_rw_3840.png","https://freight.cargo.site/t/original/i/T2836714247389257057862945288899/Aguirre-Elisa-3c82918c-ebd6-4a47-892e-220fb1ee7cba_rw_3840.png",""
"67","downloaded","235986","067_a-740x1024-1.png","https://freight.cargo.site/t/original/i/C2836714089798722436162245833411/a-740x1024-1.png",""
"68","downloaded","56476","068_rjce_a_1433705_f0002_c.jpg","https://freight.cargo.site/t/original/i/L2836714089780275692088536281795/rjce_a_1433705_f0002_c.jpg",""
"69","downloaded","52719","069_hacer_y_componer-1-768x1121.jpg","https://freight.cargo.site/t/original/i/K2836714089743382203941117178563/hacer_y_componer-1-768x1121.jpg",""
"70","downloaded","24314","070_51iAgF1DOuL._AC_UF1000-1000_QL80_.jpg","https://freight.cargo.site/t/original/i/S2836714089761828948014826730179/51iAgF1DOuL._AC_UF1000-1000_QL80_.jpg",""
"71","downloaded","66339","071_813k52dMx9L._AC_UF1000-1000_QL80_.jpg","https://freight.cargo.site/t/original/i/U2836724512651845939827938112195/813k52dMx9L._AC_UF1000-1000_QL80_.jpg",""
"72","downloaded","311745","072_158400-1200-auto.jpg","https://freight.cargo.site/t/original/i/U2836725192026983430477014577859/158400-1200-auto.jpg",""
"73","downloaded","168383","073_mini_magick20180818-12931-p4pb7n.png","https://freight.cargo.site/t/original/i/E2836724512633399195754228560579/mini_magick20180818-12931-p4pb7n.png",""
"74","downloaded","1139590","074_Cristi-Nicole-Captura-de-pantalla-2026-03-11-a-las-11.25.22.png","https://freight.cargo.site/t/original/i/L2834736126320671324158845989571/Cristi-Nicole-Captura-de-pantalla-2026-03-11-a-las-11.25.22.png",""
"75","downloaded","606854","075_Sofia-Garrido.jpg","https://freight.cargo.site/t/original/i/E2578321841997036736708759466691/Sofia-Garrido.jpg",""
"76","downloaded","329372","076_sofia-garrido-2.jpg","https://freight.cargo.site/t/original/i/K2578321841978589992635049915075/sofia-garrido-2.jpg",""
"77","downloaded","79450","077_600x600bf-60.jpg","https://freight.cargo.site/t/original/i/H2578329735838441222942344295107/600x600bf-60.jpg",""
"78","downloaded","1892305","078_Acuna-Vicente-SSF_CASE_Felicidadpublica_19.png","https://freight.cargo.site/t/original/i/K2831772530303672050896792400579/Acuna-Vicente-SSF_CASE_Felicidadpublica_19.png",""
"79","downloaded","245568","079_Captura-de-pantalla-2025-10-01-a-las-14.33.36.png","https://freight.cargo.site/t/original/i/O2578339362511643761230079275715/Captura-de-pantalla-2025-10-01-a-las-14.33.36.png",""
"80","downloaded","96840","080_IL-POSO.jpg","https://freight.cargo.site/t/original/i/S2578348945336935636310210065091/IL-POSO.jpg",""
"81","downloaded","2856874","081_finat_1.jpg","https://freight.cargo.site/t/original/i/Z2666134078142757364005956170435/finat_1.jpg",""
"82","downloaded","102198","082_bustos_1.png","https://freight.cargo.site/t/original/i/O2666141979953155290082067296963/bustos_1.png",""
"83","downloaded","3495133","083_Captura-de-pantalla-2026-03-12-a-las-19.28.41.png","https://freight.cargo.site/t/original/i/J2836860966243025197469608129219/Captura-de-pantalla-2026-03-12-a-las-19.28.41.png",""
"84","downloaded","4662694","084_Captura-de-pantalla-2026-03-12-a-las-19.28.49.png","https://freight.cargo.site/t/original/i/C2836860966224578453395898577603/Captura-de-pantalla-2026-03-12-a-las-19.28.49.png",""
"85","downloaded","64150","085_gonzalez-m_1.png","https://freight.cargo.site/t/original/i/N2666140515576823742723021812419/gonzalez-m_1.png",""
"86","downloaded","580420","086_vidosola_1.png","https://freight.cargo.site/t/original/i/R2666145362938444455824157258435/vidosola_1.png",""
"87","downloaded","32216","087_morales-const_1.png","https://freight.cargo.site/t/original/i/B2666150212476780969623019795139/morales-const_1.png",""
"88","downloaded","7089741","088_ramirez-s_1.png","https://freight.cargo.site/t/original/i/G2666169531973210294520941851331/ramirez-s_1.png",""
"89","downloaded","79739","089_ramirez-s_2.jpeg","https://freight.cargo.site/t/original/i/K2666171734403772230999147492035/ramirez-s_2.jpeg",""
"90","downloaded","3228622","090_chaud_1.png","https://freight.cargo.site/t/original/i/R2666177053153491003674164933315/chaud_1.png",""
"91","downloaded","1216898","091_Trinidad-Bustos-2-portfolio-baby-kine-simulation-doll-muneco-simulacion-IA-AI-2.png","https://freight.cargo.site/t/original/i/P2727063650870470385298921960131/Trinidad-Bustos-2-portfolio-baby-kine-simulation-doll-muneco-simulacion-IA-AI-2.png",""
"92","downloaded","2094924","092_Kim_1.png","https://freight.cargo.site/t/original/i/I2666184354540816074578080510659/Kim_1.png",""
"93","downloaded","1036223","093_perez-c_1.png","https://freight.cargo.site/t/original/i/D2666188928152754733829469975235/perez-c_1.png",""
"94","downloaded","212463","094_Stickers_Pastelito.jpg","https://freight.cargo.site/t/original/i/Q2726499716232156261692270392003/Stickers_Pastelito.jpg",""
"95","downloaded","10894655","095_Captura-de-pantalla-2026-01-02-a-las-13.33.28.png","https://freight.cargo.site/t/original/i/M2726499846300148725418318836419/Captura-de-pantalla-2026-01-02-a-las-13.33.28.png",""
"96","downloaded","379774","096_Captura-de-pantalla-2026-01-02-a-las-13.42.40.png","https://freight.cargo.site/t/original/i/B2726511460573131717762821337795/Captura-de-pantalla-2026-01-02-a-las-13.42.40.png",""
"97","downloaded","2094036","097_SARA-GUBBINS-Captura-de-pantalla-2026-01-04-a-las-13.07.13.png","https://freight.cargo.site/t/original/i/G2729666710956146180077182726851/SARA-GUBBINS-Captura-de-pantalla-2026-01-04-a-las-13.07.13.png",""
"98","downloaded","87057","098_Javiera-Naranjo-image-66e65f5b-1715-43e0-ae6a-1c34883b472c.jpg","https://freight.cargo.site/t/original/i/F2729665819941513931758420570819/Javiera-Naranjo-image-66e65f5b-1715-43e0-ae6a-1c34883b472c.jpg",""
"99","downloaded","64666","099_Javiera-Naranjo-image-723d4605-f436-4ccd-bc6f-8cdfee64515f.jpg","https://freight.cargo.site/t/original/i/C2729665819959960675832130122435/Javiera-Naranjo-image-723d4605-f436-4ccd-bc6f-8cdfee64515f.jpg",""
"100","downloaded","4816941","100_Magdalena-Leigh-Captura-de-pantalla-2026-01-04-a-las-13.22.37.png","https://freight.cargo.site/t/original/i/Z2729673748555030996934510195395/Magdalena-Leigh-Captura-de-pantalla-2026-01-04-a-las-13.22.37.png",""
"101","downloaded","1409598","101_Captura-de-pantalla-2026-01-02-a-las-14.00.36.png","https://freight.cargo.site/t/original/i/D2726525513690148695247142990531/Captura-de-pantalla-2026-01-02-a-las-14.00.36.png",""
"102","downloaded","2017140","102_Captura-de-pantalla-2026-01-02-a-las-13.56.31.png","https://freight.cargo.site/t/original/i/U2726524557798317539691887801027/Captura-de-pantalla-2026-01-02-a-las-13.56.31.png",""
"103","downloaded","3518039","103_Captura-de-pantalla-2026-01-02-a-las-13.57.55.png","https://freight.cargo.site/t/original/i/G2726524557816764283765597352643/Captura-de-pantalla-2026-01-02-a-las-13.57.55.png",""
"104","downloaded","1382988","104_Captura-de-pantalla-2026-01-02-a-las-13.58.22.png","https://freight.cargo.site/t/original/i/A2726524557835211027839306904259/Captura-de-pantalla-2026-01-02-a-las-13.58.22.png",""
"105","downloaded","1023608","105_Captura-de-pantalla-2026-01-02-a-las-14.03.58.png","https://freight.cargo.site/t/original/i/P2726531106761398588056902513347/Captura-de-pantalla-2026-01-02-a-las-14.03.58.png",""
"106","downloaded","106829","106_Copia-de-avatar_ig_400.jpg","https://freight.cargo.site/t/original/i/X2726539009475686973744781669059/Copia-de-avatar_ig_400.jpg",""
"107","downloaded","1474267","107_kittsy_DANZA_OTONO_v6_800.png","https://freight.cargo.site/t/original/i/Z2726539009494133717818491220675/kittsy_DANZA_OTONO_v6_800.png",""
"108","downloaded","366230","108_fisica1_2-botella-globo_1000.jpg","https://freight.cargo.site/t/original/i/K2726539009512580461892200772291/fisica1_2-botella-globo_1000.jpg",""
"109","downloaded","830414","109_d4acb2d4-a35f-4c33-b786-81974f5c3e20_rw_1920.jpg","https://freight.cargo.site/t/original/i/X2726543467352753314542444294851/d4acb2d4-a35f-4c33-b786-81974f5c3e20_rw_1920.jpg",""
"110","downloaded","6510373","110_4521c585-4a16-4ab5-9b1f-d76b06ca8705_rw_3840.png","https://freight.cargo.site/t/original/i/R2726545631026705952156881990339/4521c585-4a16-4ab5-9b1f-d76b06ca8705_rw_3840.png",""
"111","downloaded","3117091","111_Martina-AbelloCaptura-de-pantalla-2026-01-02-a-las-14.19.58.png","https://freight.cargo.site/t/original/i/W2726551712327931243837344133827/Martina-AbelloCaptura-de-pantalla-2026-01-02-a-las-14.19.58.png",""
"112","downloaded","4852735","112_Martina-AbelloCaptura-de-pantalla-2026-01-02-a-las-14.21.59.png","https://freight.cargo.site/t/original/i/E2726551712346377987911053685443/Martina-AbelloCaptura-de-pantalla-2026-01-02-a-las-14.21.59.png",""
"113","downloaded","2681496","113_Andres-Miquel-Captura-de-pantalla-2026-01-04-a-las-13.36.36.png","https://freight.cargo.site/t/original/i/R2729689188073992322207602651843/Andres-Miquel-Captura-de-pantalla-2026-01-04-a-las-13.36.36.png",""
"114","downloaded","3396648","114_Andres-Miquel-Captura-de-pantalla-2026-01-04-a-las-13.38.08.png","https://freight.cargo.site/t/original/i/G2729689188055545578133893100227/Andres-Miquel-Captura-de-pantalla-2026-01-04-a-las-13.38.08.png",""
"115","downloaded","649434","115_Karina-Hyland-02625b89-857f-4d69-9f47-edb7a081e016_rw_1920.jpg","https://freight.cargo.site/t/original/i/U2729705002246325784521688429251/Karina-Hyland-02625b89-857f-4d69-9f47-edb7a081e016_rw_1920.jpg",""
"116","downloaded","584524","116_Karina-Hyland-a7f3c303-c16e-4b68-bc30-df77e99a0763.jpg","https://freight.cargo.site/t/original/i/I2729705002264772528595397980867/Karina-Hyland-a7f3c303-c16e-4b68-bc30-df77e99a0763.jpg",""
"117","downloaded","1676621","117_Vicente-Puig-Captura-de-pantalla-2026-01-04-a-las-13.56.10.png","https://freight.cargo.site/t/original/i/E2729712403485876526415406904003/Vicente-Puig-Captura-de-pantalla-2026-01-04-a-las-13.56.10.png",""
"118","downloaded","1003641","118_Vicente-Puig-Captura-de-pantalla-2026-01-04-a-las-13.59.20.png","https://freight.cargo.site/t/original/i/I2729712403504323270489116455619/Vicente-Puig-Captura-de-pantalla-2026-01-04-a-las-13.59.20.png",""
"119","downloaded","1595456","119_Benjamin-Becerra-Captura-de-pantalla-2026-01-04-a-las-14.02.30.png","https://freight.cargo.site/t/original/i/W2729729462721201243755679003331/Benjamin-Becerra-Captura-de-pantalla-2026-01-04-a-las-14.02.30.png",""
"120","downloaded","2831984","120_Martina-AbelloCaptura-de-pantalla-2026-01-02-a-las-14.21.33.png","https://freight.cargo.site/t/original/i/F2726551712364824731984763237059/Martina-AbelloCaptura-de-pantalla-2026-01-02-a-las-14.21.33.png",""
"121","downloaded","4638738","121_Sofia-AlvarezCaptura-de-pantalla-2026-01-02-a-las-14.32.08.png","https://freight.cargo.site/t/original/i/P2726560875508242186098885210819/Sofia-AlvarezCaptura-de-pantalla-2026-01-02-a-las-14.32.08.png",""
"122","downloaded","2725273","122_Sofia-AlvarezCaptura-de-pantalla-2026-01-02-a-las-14.32.18.png","https://freight.cargo.site/t/original/i/T2726560875526688930172594762435/Sofia-AlvarezCaptura-de-pantalla-2026-01-02-a-las-14.32.18.png",""
"123","downloaded","2391978","123_Smart-Domingo.png","https://freight.cargo.site/t/original/i/D2825598558428431692792129336003/Smart-Domingo.png",""
"124","downloaded","108695","124_Smart-Domingo-1.jpg","https://freight.cargo.site/t/original/i/T2825598558705132853897772610243/Smart-Domingo-1.jpg",""
"125","downloaded","3225871","125_Smart-Domingo-3.jpg","https://freight.cargo.site/t/original/i/W2825598558686686109824063058627/Smart-Domingo-3.jpg",""
"126","downloaded","1467891","126_Sanchez-Tomas.png","https://freight.cargo.site/t/original/i/X2825598558446878436865838887619/Sanchez-Tomas.png",""
"127","downloaded","1347488","127_Poulsen-Francisco-1.jpg","https://freight.cargo.site/t/original/i/O2825598558668239365750353507011/Poulsen-Francisco-1.jpg",""
"128","downloaded","2080783","128_Poulsen-Francisco-2.jpg","https://freight.cargo.site/t/original/i/K2825598558649792621676643955395/Poulsen-Francisco-2.jpg",""
"129","downloaded","428666","129_Poulsen-Francisco-3.jpg","https://freight.cargo.site/t/original/i/U2825598558631345877602934403779/Poulsen-Francisco-3.jpg",""
"130","downloaded","85228","130_Navarrete-Valentina.jpg","https://freight.cargo.site/t/original/i/V2825598558612899133529224852163/Navarrete-Valentina.jpg",""
"131","downloaded","1817445","131_Vilches-Felipe-04.jpg","https://freight.cargo.site/t/original/i/D2825598558409984948718419784387/Vilches-Felipe-04.jpg",""
"132","downloaded","4428024","132_Vilches-Felipe.png","https://freight.cargo.site/t/original/i/I2825598558465325180939548439235/Vilches-Felipe.png",""
"133","downloaded","3135622","133_Vilches-Felipe-05.jpg","https://freight.cargo.site/t/original/i/L2825598558391538204644710232771/Vilches-Felipe-05.jpg",""
"134","downloaded","3462176","134_Reyes-Daniela.png","https://freight.cargo.site/t/original/i/O2825598558483771925013257990851/Reyes-Daniela.png",""
"135","downloaded","198159","135_Reyes-Daniela-cositas1_670.jpg","https://freight.cargo.site/t/original/i/V2825598558594452389455515300547/Reyes-Daniela-cositas1_670.jpg",""
"136","downloaded","158411","136_Reyes-Daniela-STEM2_670.jpg","https://freight.cargo.site/t/original/i/D2825598558576005645381805748931/Reyes-Daniela-STEM2_670.jpg",""
"137","downloaded","147854","137_Reyes-Daniela-abril2023_670.jpg","https://freight.cargo.site/t/original/i/H2825598558557558901308096197315/Reyes-Daniela-abril2023_670.jpg",""
"138","downloaded","574423","138_Gajardo-Joaquin-6624043949c81673fb06bf59_Mesa-de-trabajo-18-copia-9.jpg","https://freight.cargo.site/t/original/i/N2825598558539112157234386645699/Gajardo-Joaquin-6624043949c81673fb06bf59_Mesa-de-trabajo-18-copia-9.jpg",""
"139","downloaded","392782","139_Gajardo-Joaquin-66831724e1980d57e502d3b2_Mesa-de-trabajo-18-copia-4.jpg","https://freight.cargo.site/t/original/i/B2825598558520665413160677094083/Gajardo-Joaquin-66831724e1980d57e502d3b2_Mesa-de-trabajo-18-copia-4.jpg",""
"140","downloaded","1112041","140_Caro-Florencia-Captura-de-pantalla-2026-03-09-a-las-16.27.21.png","https://freight.cargo.site/t/original/i/U2831918759230364336851473871555/Caro-Florencia-Captura-de-pantalla-2026-03-09-a-las-16.27.21.png",""
"141","downloaded","4444125","141_Acosta--Colomba-Captura-de-pantalla-2026-03-09-a-las-16.30.34.png","https://freight.cargo.site/t/original/i/D2831918759248811080925183423171/Acosta--Colomba-Captura-de-pantalla-2026-03-09-a-las-16.30.34.png",""
"142","downloaded","469113","142_morales-constanza-1.jpg","https://freight.cargo.site/t/original/i/Y2831921117406786487659423806147/morales-constanza-1.jpg",""
"143","downloaded","2081187","143_Hoffmann-Bernardita-1.JPG","https://freight.cargo.site/t/original/i/K2831918759304151313146312078019/Hoffmann-Bernardita-1.JPG",""
"144","downloaded","345274","144_leigh-magdalena.jpeg","https://freight.cargo.site/t/original/i/I2831918759285704569072602526403/leigh-magdalena.jpeg",""
"145","downloaded","674539","145_gutierrez-fernanda-2.jpg","https://freight.cargo.site/t/original/i/I2831921117351446255438295151299/gutierrez-fernanda-2.jpg",""
"146","downloaded","1209122","146_gutierrez-fernanda-3.jpg.jpg","https://freight.cargo.site/t/original/i/P2831921117388339743585714254531/gutierrez-fernanda-3.jpg.jpg",""
"147","downloaded","1330695","147_Gajardo-Daniela-Captura-de-pantalla-2026-03-09-a-las-17.02.33.png","https://freight.cargo.site/t/original/i/R2831918759267257824998892974787/Gajardo-Daniela-Captura-de-pantalla-2026-03-09-a-las-17.02.33.png",""
"148","downloaded","100711","148_Harasic-Catalina.jpeg","https://freight.cargo.site/t/original/i/V2831938879131019020006840545987/Harasic-Catalina.jpeg",""
"149","downloaded","358866","149_X01411136.jpg","https://freight.cargo.site/t/original/i/V2838253457734292878869043557059/X01411136.jpg",""
"150","downloaded","102987","150_nativa.jpg","https://freight.cargo.site/t/original/i/J2838253457715846134795334005443/nativa.jpg",""
"151","downloaded","1313055","151_824f334f-4c26-48e3-93ee-95d5a45b865b_rw_3840.JPG","https://freight.cargo.site/t/original/i/V2838253457697399390721624453827/824f334f-4c26-48e3-93ee-95d5a45b865b_rw_3840.JPG",""
"152","downloaded","363439","152_plantilla-13.jpeg","https://freight.cargo.site/t/original/i/R2838259050418161146130902495939/plantilla-13.jpeg",""
"153","downloaded","194300","153_Diseno-sin-titulo-4-1.jpg","https://freight.cargo.site/t/original/i/Y2838253457678952646647914902211/Diseno-sin-titulo-4-1.jpg",""
"154","downloaded","131879","154_mision-korex.jpg","https://freight.cargo.site/t/original/i/G2838253457660505902574205350595/mision-korex.jpg",""
"155","downloaded","858257","155_En-que-consiste_Set-Pescador-compress.jpg","https://freight.cargo.site/t/original/i/J2838253457531378694058238489283/En-que-consiste_Set-Pescador-compress.jpg",""
"156","downloaded","115355","156_WhatsApp-Image-2023-09-01-at-12.49.38.jpeg","https://freight.cargo.site/t/original/i/O2838253457642059158500495798979/WhatsApp-Image-2023-09-01-at-12.49.38.jpeg",""
"157","downloaded","47788","157_a3407688467_16.jpg","https://freight.cargo.site/t/original/i/E2838275320999836480166714356419/a3407688467_16.jpg",""
"158","downloaded","2948569","158_Captura-de-pantalla-2026-03-13-a-las-16.43.15.png","https://freight.cargo.site/t/original/i/I2838275388164431652543191790275/Captura-de-pantalla-2026-03-13-a-las-16.43.15.png",""
"159","downloaded","725200","159_Captura-de-pantalla-2026-03-14-a-las-11.12.16.png","https://freight.cargo.site/t/original/i/L2839502320717933601075579269827/Captura-de-pantalla-2026-03-14-a-las-11.12.16.png",""
"160","downloaded","455813","160_1770321553813.jpeg","https://freight.cargo.site/t/original/i/I2839495259691683810607121248963/1770321553813.jpeg",""
"161","downloaded","4420879","161_Captura-de-pantalla-2026-03-14-a-las-10.44.05.png","https://freight.cargo.site/t/original/i/C2839495436356151804523497075395/Captura-de-pantalla-2026-03-14-a-las-10.44.05.png",""
"162","downloaded","1790716","162_d422a906-7be4-4738-bae6-211bf10a9bfb_rw_1920.JPG","https://freight.cargo.site/t/original/i/E2839495259673237066533411697347/d422a906-7be4-4738-bae6-211bf10a9bfb_rw_1920.JPG",""
"163","downloaded","183398","163_625530226_17872909344521833_8996592620757902267_n.jpg","https://freight.cargo.site/t/original/i/F2839500316442296504385377088195/625530226_17872909344521833_8996592620757902267_n.jpg",""
"164","downloaded","3025231","164_Captura-de-pantalla-2026-03-14-a-las-11.12.54.png","https://freight.cargo.site/t/original/i/B2839501183845096338355913175747/Captura-de-pantalla-2026-03-14-a-las-11.12.54.png",""
"165","downloaded","195588","165_DSC_2551-e1531948324611.jpg","https://freight.cargo.site/t/original/i/U2839495259654790322459702145731/DSC_2551-e1531948324611.jpg",""
"166","downloaded","93336","166_cover_issue_305_es_ES.jpg","https://freight.cargo.site/t/original/i/T2839495259636343578385992594115/cover_issue_305_es_ES.jpg",""
"167","downloaded","8710780","167_Captura-de-pantalla-2026-03-14-a-las-11.17.17.png","https://freight.cargo.site/t/original/i/D2840105943655249519298499523267/Captura-de-pantalla-2026-03-14-a-las-11.17.17.png",""
"168","downloaded","32437","168_Captura-de-pantalla-2026-03-14-a-las-11.18.22.png","https://freight.cargo.site/t/original/i/X2840102851445987187440071684803/Captura-de-pantalla-2026-03-14-a-las-11.18.22.png",""
"169","downloaded","30621","169_66725.jpg","https://freight.cargo.site/t/original/i/Q2838277900592527747710412337859/66725.jpg",""
"170","downloaded","1097020","170_Captura-de-pantalla-2026-03-13-a-las-16.31.45.png","https://freight.cargo.site/t/original/i/N2838258980855489244172183352003/Captura-de-pantalla-2026-03-13-a-las-16.31.45.png",""
"171","downloaded","53398","171_Group-147.png.jpg","https://freight.cargo.site/t/original/i/E2838253457549825438131948040899/Group-147.png.jpg",""
"172","downloaded","5430686","172_Captura-de-pantalla-2026-03-13-a-las-16.00.11.png","https://freight.cargo.site/t/original/i/V2838253642017266175227464200899/Captura-de-pantalla-2026-03-13-a-las-16.00.11.png",""
"173","downloaded","6235600","173_Captura-de-pantalla-2026-03-13-a-las-16.00.27.png","https://freight.cargo.site/t/original/i/I2838253641998819431153754649283/Captura-de-pantalla-2026-03-13-a-las-16.00.27.png",""
"174","downloaded","4988340","174_Captura-de-pantalla-2026-03-13-a-las-16.01.50.png","https://freight.cargo.site/t/original/i/Z2838253641980372687080045097667/Captura-de-pantalla-2026-03-13-a-las-16.01.50.png",""
"175","downloaded","4903105","175_Captura-de-pantalla-2026-03-13-a-las-16.02.20.png","https://freight.cargo.site/t/original/i/H2838253641961925943006335546051/Captura-de-pantalla-2026-03-13-a-las-16.02.20.png",""
"176","downloaded","423170","176_metro21-4.jpg","https://freight.cargo.site/t/original/i/Q2838253457623612414426786247363/metro21-4.jpg",""
"177","downloaded","87005","177_IMG-PAG-04.jpg","https://freight.cargo.site/t/original/i/S2838253457512931949984528937667/IMG-PAG-04.jpg",""
"178","downloaded","45011","178_Materia-Prestada-11.jpg","https://freight.cargo.site/t/original/i/I2838253457605165670353076695747/Materia-Prestada-11.jpg",""
"179","downloaded","3426284","179_756dfc7d-4a2c-4280-8ce0-a60bb348ce95_rw_3840.jpg","https://freight.cargo.site/t/original/i/Q2838253457586718926279367144131/756dfc7d-4a2c-4280-8ce0-a60bb348ce95_rw_3840.jpg",""
"180","downloaded","195972","180_Palpa.jpg","https://freight.cargo.site/t/original/i/E2838253457568272182205657592515/Palpa.jpg",""
"181","downloaded","38045","181_Harasic-Catalina-2.jpeg","https://freight.cargo.site/t/original/i/D2831938879149465764080550097603/Harasic-Catalina-2.jpeg",""
"182","downloaded","1656438","182_Contreras-Maximiliano-Captura-de-pantalla-2026-03-09-a-las-17.24.59.png","https://freight.cargo.site/t/original/i/B2831946269671458199149019083459/Contreras-Maximiliano-Captura-de-pantalla-2026-03-09-a-las-17.24.59.png",""
"183","downloaded","1552425","183_Astudillo-Paulina-Captura-de-pantalla-2026-03-09-a-las-17.37.51.png","https://freight.cargo.site/t/original/i/F2831958625153064817217015067331/Astudillo-Paulina-Captura-de-pantalla-2026-03-09-a-las-17.37.51.png",""
"184","downloaded","5384613","184_pacheco-Carolina-16.jpg","https://freight.cargo.site/t/original/i/I2831969376376679576986435662531/pacheco-Carolina-16.jpg",""
"185","downloaded","614797","185_Rios-camila-Captura-de-Pantalla-2024-11-27-a-las-14.46.28.jpg.jpg","https://freight.cargo.site/t/original/i/P2831969376413573065133854765763/Rios-camila-Captura-de-Pantalla-2024-11-27-a-las-14.46.28.jpg.jpg",""
"186","downloaded","1072574","186_rosas-joaquin-1.png","https://freight.cargo.site/t/original/i/W2832966899834431604011737494211/rosas-joaquin-1.png",""
"187","downloaded","154406","187_ROSAS-JOAQUIN2-Gubbi-Sesion-Jun-7_1340_c.jpeg","https://freight.cargo.site/t/original/i/G2832966899852878348085447045827/ROSAS-JOAQUIN2-Gubbi-Sesion-Jun-7_1340_c.jpeg",""
"188","downloaded","951523","188_rosas-joaquin-MAPAAA-2025-Final_1340_c.jpeg","https://freight.cargo.site/t/original/i/C2832966899815984859938027942595/rosas-joaquin-MAPAAA-2025-Final_1340_c.jpeg",""
"189","downloaded","1263083","189_herrera-leopoldo.jpg","https://freight.cargo.site/t/original/i/Q2832967861795241559817435165379/herrera-leopoldo.jpg",""
"190","downloaded","127836","190_rios-isabel.jpg","https://freight.cargo.site/t/original/i/M2832974993122033015192994394819/rios-isabel.jpg",""
"191","downloaded","164185","191_pacheco-carolina-2-2-5-lateral.jpg","https://freight.cargo.site/t/original/i/D2831969376395126321060145214147/pacheco-carolina-2-2-5-lateral.jpg",""
"192","downloaded","300977","192_Rios-Camila-21949970_10155734500863430_4521371404219177019_o.jpg.jpg","https://freight.cargo.site/t/original/i/B2831969376432019809207564317379/Rios-Camila-21949970_10155734500863430_4521371404219177019_o.jpg.jpg",""
"193","downloaded","395894","193_Gajardo-Joaquin-65f0f31b0ed2f6147a720a72_GUAICO-STUDIO-1.jpg","https://freight.cargo.site/t/original/i/M2825598558502218669086967542467/Gajardo-Joaquin-65f0f31b0ed2f6147a720a72_GUAICO-STUDIO-1.jpg",""
"194","downloaded","7889702","194_Captura-de-pantalla-2026-03-14-a-las-20.16.15.png","https://freight.cargo.site/t/original/i/C2840101210589655086901745889987/Captura-de-pantalla-2026-03-14-a-las-20.16.15.png",""
"195","downloaded","214565","195_Captura-de-pantalla-2026-03-14-a-las-19.39.31.png","https://freight.cargo.site/t/original/i/R2840101210552761598754326786755/Captura-de-pantalla-2026-03-14-a-las-19.39.31.png",""
"196","downloaded","272967","196_Captura-de-pantalla-2026-03-14-a-las-20.15.40.png","https://freight.cargo.site/t/original/i/B2840101210608101830975455441603/Captura-de-pantalla-2026-03-14-a-las-20.15.40.png",""
"197","downloaded","227938","197_Captura-de-pantalla-2026-03-14-a-las-20.15.27.png","https://freight.cargo.site/t/original/i/I2840101210644995319122874544835/Captura-de-pantalla-2026-03-14-a-las-20.15.27.png",""
"198","downloaded","258228","198_Captura-de-pantalla-2026-03-14-a-las-20.15.33.png","https://freight.cargo.site/t/original/i/U2840101210626548575049164993219/Captura-de-pantalla-2026-03-14-a-las-20.15.33.png",""
"199","downloaded","191568","199_Captura-de-pantalla-2026-03-14-a-las-20.15.21.png","https://freight.cargo.site/t/original/i/H2840101210663442063196584096451/Captura-de-pantalla-2026-03-14-a-las-20.15.21.png",""
"200","downloaded","243153","200_Captura-de-pantalla-2026-03-14-a-las-20.15.47.png","https://freight.cargo.site/t/original/i/F2840101210571208342828036338371/Captura-de-pantalla-2026-03-14-a-las-20.15.47.png",""
"201","downloaded","2158790","201_Francisca-Torres-Captura-de-pantalla-2026-01-02-a-las-14.35.51.png","https://freight.cargo.site/t/original/i/A2726565970425168368382203343555/Francisca-Torres-Captura-de-pantalla-2026-01-02-a-las-14.35.51.png",""
